Custom area profile data for Lye Valley,,,,,,,,,,,
Source: Office for National Statistics - Census 2021,,,,,,,,,,,
,,,,,,,,,,,
Data generated by the Build a custom area profile tool on 20 Nov 2025,,,,,,,,,,,
"The data in this profile are aggregated from small areas on a best-fit basis, and therefore may differ slightly from other sources.",,,,,,,,,,,
,,,,,,,,,,,
Variable,Category,Lye Valley,England,Unit,Lye Valley,England,Unit,Base population,Source,Geography,Time period
Population,Population,NA,NA,%,7471,58620101,people,all people,ONS â€“ Mid-year estimates,Output area,2024
Household deprivation,Household is not deprived in any dimension,48.2,48.4,%,1071,11349737,households,all households,ONS - Census 2021,Output area,2021
Household deprivation,Household is deprived in one dimension,31.9,33.5,%,708,7842691,households,all households,ONS - Census 2021,Output area,2021
Household deprivation,Household is deprived in two dimensions,14.6,14.2,%,324,3320584,households,all households,ONS - Census 2021,Output area,2021
Household deprivation,Household is deprived in three dimensions,5,3.7,%,110,868104,households,all households,ONS - Census 2021,Output area,2021
Household deprivation,Household is deprived in four dimensions,0.3,0.2,%,7,54970,households,all households,ONS - Census 2021,Output area,2021
Distance travelled to work,Less than 10km,52.4,35.4,%,1754,9334244,people aged 16 years and over in employment,people aged 16 years and over in employment,ONS - Census 2021,Output area,2021
Distance travelled to work,10km to less than 30km,6.4,14.4,%,215,3802269,people aged 16 years and over in employment,people aged 16 years and over in employment,ONS - Census 2021,Output area,2021
Distance travelled to work,30km and over,3.6,4.3,%,121,1130937,people aged 16 years and over in employment,people aged 16 years and over in employment,ONS - Census 2021,Output area,2021
Distance travelled to work,Works mainly from home,26.8,31.5,%,896,8321252,people aged 16 years and over in employment,people aged 16 years and over in employment,ONS - Census 2021,Output area,2021
Distance travelled to work,Other,10.8,14.5,%,362,3816512,people aged 16 years and over in employment,people aged 16 years and over in employment,ONS - Census 2021,Output area,2021
Method of travel to workplace,Work mainly at or from home,26.8,31.5,%,896,8321252,people aged 16 years and over in employment,people aged 16 years and over in employment,ONS - Census 2021,Output area,2021
Method of travel to workplace,"Underground, metro, light rail, tram",0.1,1.9,%,3,504716,people aged 16 years and over in employment,people aged 16 years and over in employment,ONS - Census 2021,Output area,2021
Method of travel to workplace,Train,0.7,2,%,22,517902,people aged 16 years and over in employment,people aged 16 years and over in employment,ONS - Census 2021,Output area,2021
Method of travel to workplace,"Bus, minibus or coach",10.4,4.3,%,349,1129539,people aged 16 years and over in employment,people aged 16 years and over in employment,ONS - Census 2021,Output area,2021
Method of travel to workplace,Taxi,0.9,0.7,%,29,192884,people aged 16 years and over in employment,people aged 16 years and over in employment,ONS - Census 2021,Output area,2021
Method of travel to workplace,"Motorcycle, scooter or moped",0.6,0.5,%,20,124207,people aged 16 years and over in employment,people aged 16 years and over in employment,ONS - Census 2021,Output area,2021
Method of travel to workplace,Driving a car or van,30.3,44.5,%,1013,11751945,people aged 16 years and over in employment,people aged 16 years and over in employment,ONS - Census 2021,Output area,2021
Method of travel to workplace,Passenger in a car or van,3.4,3.9,%,114,1017402,people aged 16 years and over in employment,people aged 16 years and over in employment,ONS - Census 2021,Output area,2021
Method of travel to workplace,Bicycle,10.2,2.1,%,342,554215,people aged 16 years and over in employment,people aged 16 years and over in employment,ONS - Census 2021,Output area,2021
Method of travel to workplace,On foot,14.9,7.6,%,500,2016981,people aged 16 years and over in employment,people aged 16 years and over in employment,ONS - Census 2021,Output area,2021
Method of travel to workplace,Other method of travel to work,1.8,1,%,60,274171,people aged 16 years and over in employment,people aged 16 years and over in employment,ONS - Census 2021,Output area,2021
Socio-economic Classification (NS-SeC),"L1, L2 and L3: Higher managerial, administrative and professional occupations",11.9,13.2,%,713,6092791,people aged 16 years and over,people aged 16 years and over,ONS - Census 2021,Output area,2021
Socio-economic Classification (NS-SeC),"L4, L5 and L6: Lower managerial, administrative and professional occupations",16.7,19.9,%,1000,9172372,people aged 16 years and over,people aged 16 years and over,ONS - Census 2021,Output area,2021
Socio-economic Classification (NS-SeC),L7: Intermediate occupations,8.4,11.4,%,503,5255333,people aged 16 years and over,people aged 16 years and over,ONS - Census 2021,Output area,2021
Socio-economic Classification (NS-SeC),L8 and L9: Small employers and own account workers,6.1,10.6,%,367,4873402,people aged 16 years and over,people aged 16 years and over,ONS - Census 2021,Output area,2021
Socio-economic Classification (NS-SeC),L10 and L11: Lower supervisory and technical occupations,4.4,5.3,%,265,2460733,people aged 16 years and over,people aged 16 years and over,ONS - Census 2021,Output area,2021
Socio-economic Classification (NS-SeC),L12: Semi-routine occupations,9.6,11.3,%,571,5183579,people aged 16 years and over,people aged 16 years and over,ONS - Census 2021,Output area,2021
Socio-economic Classification (NS-SeC),L13: Routine occupations,10.7,12,%,637,5522275,people aged 16 years and over,people aged 16 years and over,ONS - Census 2021,Output area,2021
Socio-economic Classification (NS-SeC),L14.1 and L14.2: Never worked and long-term unemployed,6.8,8.5,%,404,3915482,people aged 16 years and over,people aged 16 years and over,ONS - Census 2021,Output area,2021
Socio-economic Classification (NS-SeC),L15: Full-time students,25.4,7.7,%,1516,3530990,people aged 16 years and over,people aged 16 years and over,ONS - Census 2021,Output area,2021
